Month,Product A,Product B,Product C,Chair,Table,Profit
1,83,30,53,87,87,25.652844279957062
2,47,23,65,22,40,38.604675547708375
3,34,62,47,22,21,29.378174636774776
4,59,15,87,36,53,40.703815908606515
5,98,79,13,67,68,31.356074076891097
6,27,62,15,31,82,43.03690340432088
7,97,18,61,20,85,14.29885925489581
8,13,12,73,97,74,20.805786760726466
9,95,26,30,30,79,42.18368854260991
10,43,37,98,33,53,40.93321167185389
11,92,18,59,82,63,33.06470182654888
12,66,82,56,60,89,27.87728368349003
